fv,split,mean_m,median_m,within_100m
FV1,random,324.33182011994853,204.38302370621145,0.35757730641451574
FV1,chronological,286.22958198708335,65.50775850599285,0.5261705172766306
FV1,device,573.4363464322707,369.4588242727898,0.2564176706827309
FV2,random,314.83425392353786,201.24683915253965,0.3623306925632507
FV2,chronological,279.5335480306513,62.962020434173766,0.526477203025966
FV2,device,574.0784806437423,371.53000839578004,0.2576706827309237
FV4,random,253.40934985158867,152.9868678632259,0.4091489905443394
FV4,chronological,555.0281697903798,533.5076723165166,0.06563075035780004
FV4,device,775.113264701126,576.1532513132223,0.026377510040160642
FV9,random,309.7508899042187,194.12194323021276,0.3628929210324559
FV9,chronological,272.52550197215396,61.21239610820441,0.5281128603557554
FV9,device,561.8492086800658,357.3150039158841,0.26056224899598396
FV13,random,305.2692586909765,189.39027462856413,0.3715307947866087
FV13,chronological,269.99564359333044,57.47380362780709,0.5310263749744428
FV13,device,563.3299332133845,350.12671067212506,0.26059437751004016
FV15,random,248.26800979191898,146.223256007,0.4154868387426527
FV15,chronological,327.20304160818324,81.72679289696649,0.5136986301369864
FV15,device,665.9056949816248,420.0034599906589,0.12661847389558234
FV16,random,248.34763002347185,145.6073932642703,0.41727574750830565
FV16,chronological,326.06381253274,84.09981742090575,0.5145675730934369
FV16,device,664.3747533615626,416.1008774748727,0.11601606425702811
