fv,model,n_features,mean_m,median_m,sd_m,r2_lat,r2_lon,within_100m,within_300m,train_s,infer_single_mean_s
FV1,ANN,44,354.4268783148833,248.33730546198507,392.3159704268405,0.9454400539398193,0.8845668435096741,0.3205213391259903,0.5669818553539484,205.91902566099998,0.07411053025994989
FV1,CNN,44,354.01022282563247,244.88953683475773,386.3189177798504,0.9460560083389282,0.8872478008270264,0.3147457193968822,0.5693841042678252,1558.7874576949998,0.0696492265350048
FV1,Hybrid,44,327.63916843106705,202.01705307457954,402.33865265889784,0.9473670721054077,0.8889725208282471,0.3594173268591873,0.6180424226935854,990.0060046049985,0.06226166349017149
FV1,k-NN,44,336.5128544530108,207.00908776068783,414.76217294906604,0.944116473197937,0.8825599551200867,0.367032967032967,0.6051622795808842,0.002386315999956423,0.0020609404949902908
FV1,LightGBM,44,326.7488934466435,210.54726821867337,394.74593628355154,0.9490183936706579,0.8910785129380517,0.3523128034755942,0.6096601073345259,20.928964796999935,0.0023459940100019594
FV1,SVR,44,334.3536264676356,204.8801743143187,394.85647136740374,0.9471751124560548,0.8904750116230212,0.3542039355992844,0.6136979299769998,4236.168860295,0.008791863285018735
FV1,XGBoost,44,328.30181412091224,207.51852739798238,398.1843525982725,0.9477635025978088,0.8904677629470825,0.35911065678507537,0.6077689752108357,61.572632817998965,0.0021115070849737094
FV2,ANN,45,347.1085379392991,247.70098885460038,392.1805266112721,0.9459092617034912,0.8877201676368713,0.32057245080500896,0.5723996933299259,186.46998091600108,0.07218330780998258
FV2,CNN,45,343.338526495097,237.87226846587288,385.9531522296277,0.9473789930343628,0.8907668590545654,0.32323025811397904,0.5804242269358548,1600.9689415750017,0.0710639529051059
FV2,Hybrid,45,320.9941564455585,199.59520207339676,399.89222982002224,0.9482687711715698,0.892138659954071,0.3641707130079223,0.623460260669563,982.2603554509988,0.062049758290122554
FV2,k-NN,45,331.7396425166195,199.5317398867206,417.5215510754953,0.9438340663909912,0.8837425708770752,0.3737797086634296,0.6098645540506006,0.0026800610012287507,0.002200066270024763
FV2,LightGBM,45,317.1929306007609,203.22066920909396,387.02332090642017,0.9510701851388662,0.8966957666701807,0.35752619473549707,0.6194735497061078,23.03622911399907,0.002756245874907108
FV2,SVR,45,376.21539550646605,250.34284122467918,426.9081840688154,0.9374469642333288,0.8651439175962103,0.3066189624329159,0.559621773575262,749.4392046510002,0.01106514259490723
FV2,XGBoost,45,320.10878645156686,203.56650083549832,390.80135332029465,0.9497753977775574,0.8953547477722168,0.36018400204446716,0.6168157423971378,60.09781125700101,0.0018451699849720172
